"Authors","Author full names","Author(s) ID","Title","Year","Source title","Volume","Issue","Art. No.","Page start","Page end","Page count","Cited by","DOI","Link","Abstract","Author Keywords","Index Keywords","Document Type","Publication Stage","Open Access","Source","EID"
"Kokash N.; Krause C.; De Vink E.","Kokash, Natallia (22733910700); Krause, Christian (57197200057); De Vink, Erik (6602124391)","22733910700; 57197200057; 6602124391","Reo + mCRL2: A framework for model-checking dataflow in service compositions","2012","Formal Aspects of Computing","24","2","","187","216","29","52","10.1007/s00165-011-0191-6","https://www.scopus.com/inward/record.uri?eid=2-s2.0-84861576627&doi=10.1007%2fs00165-011-0191-6&partnerID=40&md5=b87a688494cdb00cf9875d595a53c457","The paradigm of service-oriented computing revolutionized the field of software engineering. According to this paradigm, new systems are composed of existing stand-alone services to support complex crossorganizational business processes. Correct communication of these services is not possible without a proper coordination mechanism. The Reo coordination language is a channel-based modeling language that introduces various types of channels and their composition rules. By composing Reo channels, one can specify Reo connectors that realize arbitrary complex behavioral protocols. Several formalisms have been introduced to give semantics to Reo. In their most basic form, they reflect service synchronization and dataflow constraints imposed by connectors. To ensure that the composed system behaves as intended, we need a wide range of automated verification tools to assist service composition designers. In this paper, we present our framework for the verification of Reo using the mCRL2 toolset. We unify our previous work on mapping various semantic models for Reo, namely, constraint automata, timed constraint automata, coloring semantics and the newly developed action constraint automata, to the process algebraic specification language of mCRL2, address the correctness of this mapping, discuss tool support, and present a detailed example that illustrates the use of Reo empowered with mCRL2 for the analysis of dataflow in service-based process models. © 2011 BCS.","Coordination languages; Formal methods for service-oriented computing; Model checking","Formal methods; Model checking; Semantics; Specification languages; Algebraic specification languages; Automated verification; Business Process; Composition rule; Constraint automata; Coordination language; Coordination mechanisms; Dataflow; Modeling languages; Process model; Semantic Model; Service compositions; Service oriented computing; Service-based; Timed constraint automaton; Tool support; Toolsets; Data flow analysis","Article","Final","All Open Access; Bronze Open Access","Scopus","2-s2.0-84861576627"
"Afsarmanesh H.; Sargolzaei M.; Shadi M.","Afsarmanesh, Hamideh (6701350766); Sargolzaei, Mahdi (56588777200); Shadi, Mahdieh (24833491800)","6701350766; 56588777200; 24833491800","A framework for automated service composition in collaborative networks","2012","IFIP Advances in Information and Communication Technology","380 AICT","","","63","73","10","6","10.1007/978-3-642-32775-9_7","https://www.scopus.com/inward/record.uri?eid=2-s2.0-84870387578&doi=10.1007%2f978-3-642-32775-9_7&partnerID=40&md5=e50e1d7ab2198564dd7008bd0119a687","This paper proposes a novel framework for automated software service composition that can significantly support and enhance collaboration among enterprises in service provision industry, such as in tourism insurance and e-commerce collaborative networks (CNs). Our proposed framework is founded on service oriented architecture (SOA) paradigm, in which software services implementing on-line business services that are provided by different enterprises, will be formally defined, using an extended BPMN notation to capture their semantics and behavior, as well as the WSDL notation to capture their syntax. Furthermore, with registering the syntax, semantics and behavior of these software services in a service repository at the CN, the task of service discovery in this framework can go far beyond the current practice, which comprise of service search by name, to the possibility of discovering by service behavior. The paper addresses enhancement of automated software service integration in CNs, through the application of the Reo coordination language, which is used to formalize interaction among the composed services. The main reason for using Reo in this context is that it supports separating the computations needed by software components in an integrated system from their interactions. The suggested framework provides more flexibility, adaptability, as well as cost-effectiveness in service composition, when supported in collaborative networks. © 2012 International Federation for Information Processing.","business process modeling; business service; collaborative network; coordination language; service discovery; Software service composition","Information services; Quality of service; Semantics; Service oriented architecture (SOA); Syntactics; Systems engineering; Virtual corporation; Business process modeling; Business service; Collaborative network; Coordination language; Service discovery; Software services; Software agents","Conference paper","Final","All Open Access; Bronze Open Access","Scopus","2-s2.0-84870387578"
"Burgueño L.; Wimmer M.; Vallecillo A.","Burgueño, Loli (55323008900); Wimmer, Manuel (14030698000); Vallecillo, Antonio (57212671717)","55323008900; 14030698000; 57212671717","A linda-based platform for the parallel execution of out-place model transformations","2017","Actas de las 22nd Jornadas de Ingenier&amp;amp;amp;amp;amp;amp;#65533;a del Software y Bases de Datos, JISBD 2017","","","","17","35","18","1","10.1016/j.infsof.2016.06.001","https://www.scopus.com/inward/record.uri?eid=2-s2.0-85071653910&doi=10.1016%2fj.infsof.2016.06.001&partnerID=40&md5=7633d69a8785dadf18b6729ee96ccc34","Context: The performance and scalability of model transformations is gaining interest as industry is progressively adopting model-driven techniques and multicore computers are becoming commonplace. However, existing model transformation engines are mostly based on sequential and in-memory execution strategies, and thus their capabilities to transform large models in parallel and distributed environments are limited. Objective: This paper presents a solution that provides concurrency and distribution to model transformations. Method: Inspired by the concepts and principles of the Linda coordination language, and the use of data parallelism to achieve parallelization, a novel Java-based execution platform is introduced. It offers a set of core features for the parallel execution of out-place transformations that can be used as a target for high-level transformation language compilers. Results: Significant gains in performance and scalability of this platform are reported with regard to existing model transformation solutions. These results are demonstrated by running a model transformation test suite, and by its comparison against several state-of-the-art model transformation engines. Conclusion: Our Linda-based approach to the concurrent execution of model transformations can serve as a platform for their scalable and efficient implementation in parallel and distributed environments. © 2016 Elsevier B.V. All rights reserved.","Model transformation; Parallelization; Performance; Scalability","Engines; Scalability; Software engineering; Distributed environments; Efficient implementation; High-level transformations; Model transformation; Model-driven techniques; Parallelizations; Performance; Performance and scalabilities; High level languages","Conference paper","Final","All Open Access; Green Open Access","Scopus","2-s2.0-85071653910"
"Hester J.; Storer K.; Sorber J.","Hester, Josiah (55973287400); Storer, Kevin (57192652259); Sorber, Jacob (6506431559)","55973287400; 57192652259; 6506431559","Timely execution on intermittently powered batteryless sensors","2017","SenSys 2017 - Proceedings of the 15th ACM Conference on Embedded Networked Sensor Systems","2017-January","","","","","","122","10.1145/3131672.3131673","https://www.scopus.com/inward/record.uri?eid=2-s2.0-85051115331&doi=10.1145%2f3131672.3131673&partnerID=40&md5=5422aa4611e2b9b7773b3d1605169694","Tiny intermittently powered computers can monitor objects in hard to reach places maintenance free for decades by leaving batteries behind and surviving off energy harvested from the environment—avoiding the cost of replacing and disposing of billions or trillions of dead batteries. However, creating programs for these sensors is difficult. Energy harvesting is inconsistent, energy storage is scarce, and batteryless sensors can lose power at any point in time—causing volatile memory, execution progress, and time to reset. In response to these disruptions, developers must write unwieldy programs attempting to protect against failures, instead of focusing on sensing goals, defining tasks, and generating useful data in a timely manner. To address these shortcomings, we have designed Mayfly, a language and runtime for timely execution of sensing tasks on tiny, intermittently-powered, energy harvesting sensing devices. Mayfly is a coordination language and runtime built on top of Embedded-C that combines intermittent execution fragments to form coherent sensing schedules—maintaining forward progress, data consistency, data freshness, and data utility across multiple power failures. Mayfly makes the passing of time explicit, binding data to the time it was gathered, and keeping track of data and time through power failures. We evaluated Mayfly against state-of-the art systems, conducted a user study, and implemented multiple real world applications across application domains in inventory tracking, and wearables. © 2017 Copyright held by the owner/author(s).","Batteryless; Energy harvesting; Intermittent; Task language; Time","Digital storage; Electric batteries; Embedded systems; Energy harvesting; Outages; Battery-less; Coordination language; Intermittent; Inventory tracking; Maintenance free; State-of-the-art system; Task language; Time; C (programming language)","Conference paper","Final","All Open Access; Bronze Open Access","Scopus","2-s2.0-85051115331"
"Li Y.; Zhang X.; Ji Y.; Sun M.","Li, Yi (56241924000); Zhang, Xiyue (57194007361); Ji, Yuanyi (57197828968); Sun, Meng (53983437100)","56241924000; 57194007361; 57197828968; 53983437100","A formal framework capturing real-time and stochastic behavior in connectors","2019","Science of Computer Programming","177","","","19","40","21","3","10.1016/j.scico.2019.02.005","https://www.scopus.com/inward/record.uri?eid=2-s2.0-85063394423&doi=10.1016%2fj.scico.2019.02.005&partnerID=40&md5=2c524ea5684e9d4cbedb186e1ce6f294","                             Modern distributed systems are often coupled with flexible architectures, composed of heterogeneous components, and deployed on different execution nodes. In such architectures, connectors (or middlewares) are widely used to orchestrate the separated components and make them functioning. Apparently, correctness of such systems highly depends on the behavior of connectors. Reo is a channel-based coordination language where complex connectors are compositionally constructed from simpler ones. In this paper, we propose a stochastic and real-time extension of Reo, including a set of new primitive channels and an expressive semantics as Stochastic Timed Automata for Reo (STA                             r                             ). Furthermore, a logical formalization of STA                             r                              for property analysis has been proposed and the transformation from STA                             r                              to PRISM and JANI has been implemented. Several case studies are presented to demonstrate how STA                             r                              and its corresponding logic can be used to capture coordination scenarios in the real world.                          © 2019 Elsevier B.V.","Coordination; Real-time; Reo connectors;                              STA                             <sub>r</sub>                                                                                  ; Stochastic","Coordination reactions; Semantics; Stars; Coordination; Coordination language; Expressive semantics; Flexible architectures; Heterogeneous component; Logical formalization; Real time; Stochastic; Stochastic systems","Article","Final","All Open Access; Bronze Open Access","Scopus","2-s2.0-85063394423"
"Popa A.; Banu-Demergian I.T.; Chira C.; Boian F.M.; Stefanescu G.","Popa, Alexandru (56651853800); Banu-Demergian, Iulia Teodora (55902457900); Chira, Camelia (55910239300); Boian, Florian Mircea (35147598200); Stefanescu, Gheorghe (14319402500)","56651853800; 55902457900; 55910239300; 35147598200; 14319402500","A unifying framework for interactive programming and applications to communicating peer-to-peer systems","2015","Communications in Computer and Information Science","514","","","101","112","11","0","10.1007/978-3-319-25043-4_10","https://www.scopus.com/inward/record.uri?eid=2-s2.0-84952701066&doi=10.1007%2f978-3-319-25043-4_10&partnerID=40&md5=af206d1e75ebbccb3c84bd5fcc16396a","We present a unifying framework for interactive programming built-up on top of rv-systems, a space-time invariant model for interactive computation which extends register machines with interactive capabilities. The framework provides a kernel coordination language parametrized by the programming language used for writing the code of the basic blocks. To illustrate the framework, we describe an implementation of an interactive communicating system where the nodes use Chord peer-to-peer communication protocol and their coordination is written in Agapia, a structured interactive programming language for rv-systems. © Springer International Publishing Switzerland 2015.","","Computational linguistics; Computer programming languages; Computer systems programming; Structured programming; Basic blocks; Coordination language; Interactive computation; Peer-to-peer communication protocols; Peer-to-Peer system; Register machines; Space-time invariants; Peer to peer networks","Conference paper","Final","","Scopus","2-s2.0-84952701066"
"Tolksdorf R.; Rojec-Goldmann G.","Tolksdorf, Robert (6701669777); Rojec-Goldmann, Gregor (8219114400)","6701669777; 8219114400","The SPACETUB models and framework","2002","Lecture Notes in Computer Science (including subseries Lecture Notes in Artificial Intelligence and Lecture Notes in Bioinformatics)","2315","","","348","363","15","4","10.1007/3-540-46000-4_32","https://www.scopus.com/inward/record.uri?eid=2-s2.0-35248828686&doi=10.1007%2f3-540-46000-4_32&partnerID=40&md5=d4b7e82602954180617c44b86400a125","SPACETUB is a framework to model a variety of coordination languages from the Linda family and a testbed for experimentation with them.We describe the design of the framework derived from a comparative analysis of a set of language, its structure and its initial implementation. © Springer-Verlag Berlin Heidelberg 2002.","","Computer science; Computers; Comparative analysis; Coordination language; Artificial intelligence","Conference paper","Final","","Scopus","2-s2.0-35248828686"
"Trinder P.W.; Loidl H.-W.; Pointon R.F.","Trinder, P.W. (7003497230); Loidl, H.-W. (8898020300); Pointon, R.F. (8757177100)","7003497230; 8898020300; 8757177100","Parallel and distributed Haskells","2002","Journal of Functional Programming","12","4-5","","469","510","41","45","10.1017/S0956796802004343","https://www.scopus.com/inward/record.uri?eid=2-s2.0-0036059722&doi=10.1017%2fS0956796802004343&partnerID=40&md5=82a26f8057271e23a9d12152028254a2","Parallel and distributed languages specify computations on multiple processors and have a computation language to describe the algorithm, i.e. what to compute, and a coordination language to describe how to organise the computations across the processors. Haskell has been used as the computation language for a wide variety of parallel and distributed languages, and this paper is a comprehensive survey of implemented languages. We outline parallel and distributed language concepts and classify Haskell extensions using them. Similar example programs are used to illustrate and contrast the coordination languages, and the comparison is facilitated by the common computation language. A lazy language is not an obvious choice for parallel or distributed computation, and we address the question of why Haskell is a common functional computation language.","","Algorithms; Computer program listings; Multiprocessing systems; Distributed languages; Computer programming languages","Article","Final","All Open Access; Bronze Open Access","Scopus","2-s2.0-0036059722"
"Degerlund F.; Sere K.","Degerlund, Fredrik (16641890700); Sere, Kaisa (7003381010)","16641890700; 7003381010","A framework for incorporating trust into formal systems development","2007","Lecture Notes in Computer Science (including subseries Lecture Notes in Artificial Intelligence and Lecture Notes in Bioinformatics)","4711 LNCS","","","154","168","14","1","10.1007/978-3-540-75292-9_11","https://www.scopus.com/inward/record.uri?eid=2-s2.0-38049169635&doi=10.1007%2f978-3-540-75292-9_11&partnerID=40&md5=68c1238d600c5043dcfa4ff32a854aa8","Formal methods constitute a means of developing reliable and correctly behaving software based on a specification. In scenarios where information technology is used as a foundation to enable human communication, this is, however, not always enough. Successful interaction between humans often depends on the concept of trust, which is different from program correctness. In this paper, we present a framework for integrating trust into a formal development process, allowing for the construction of formally correct programs for communication, embracing trust as a central concept. We present a coordination language for use with action systems, taking a modular approach of separating trust aspects from other functionality. We also believe that our work can be adapted to modelling other aspects beside trust. Throughout the paper, we employ a case study as a testbed for our concepts. © Springer-Verlag Berlin Heidelberg 2007.","","Human computer interaction; Information technology; Specification languages; User interfaces; Coordination languages; Program correctness; Computer software","Conference paper","Final","","Scopus","2-s2.0-38049169635"
"Jiang G.","Jiang, Guo (7404488736)","7404488736","A coordination framework for software component based development","2006","Proceedings - International Computer Software and Applications Conference","1","","4020089","291","298","7","3","10.1109/COMPSAC.2006.8","https://www.scopus.com/inward/record.uri?eid=2-s2.0-34247495174&doi=10.1109%2fCOMPSAC.2006.8&partnerID=40&md5=d1091dafcf15895a70160f31af7580bc","Coordination technology addresses the construction of open, flexible systems from software components in distributed environments. Most of the work on coordination technology so far has focused on the development of special coordination languages and environments that provide the basic mechanisms for realizing the coordination layer of a distributed application. Typically each new language proposes its own set of coordination abstractions that realizes a particular paradigm. Coordination problems, however, are not always well-suited to a particular paradigm. Instead of proposing a new language, we are attempting to develop a framework that realizes various useful coordination abstractions. We present our initial analysis of the coordination domain, and give a few examples of simple applications using the developed coordination framework. © 2006 IEEE.","","Computational methods; Computer programming languages; Distributed computer systems; Coordination abstractions; Coordination technology; Software engineering","Conference paper","Final","","Scopus","2-s2.0-34247495174"
"Giloi W.K.","Giloi, W.K. (7004453415)","7004453415","Parallel programming models and their interdependence with parallel architectures","1993","Proceedings of Workshop on Programming Models for Massively Parallel Computers, PMMP 1993","","","315560","2","11","9","3","10.1109/PMMP.1993.315560","https://www.scopus.com/inward/record.uri?eid=2-s2.0-83755177596&doi=10.1109%2fPMMP.1993.315560&partnerID=40&md5=67bdc926571e6ddddee0b2d65265d49a","Because of its superior performance and cost-effectiveness, parallel computing will become the future standard, provided we have the appropriate programming models, tools and compilers needed to make parallel computers widely usable. The dominating programming style is procedural, given in the form of either the memory sharing or the message-passing paradigm. The advantages and disadvantages of these models and their supporting architectures are discussed, as well as the tools by which parallel programming is made machine-independent. Further improvements can be expected from very high level coordination languages. A general breakthrough of parallel computing, however, will only come with the parallelizing compiler that enable the user to program applications in the conventional sequential style. The state-of-the-art of parallelizing compilers is outlined, and it is shown how they will be supported by higher-level programming models and multi-threaded architectures. © 1993 IEEE.","","Application programs; Cost effectiveness; High level languages; Message passing; Parallel programming; Program compilers; Coordination language; Message passing paradigms; Multithreaded architecture; Parallel programming model; Parallelizing compiler; Program applications; Programming models; Programming styles; Parallel architectures","Conference paper","Final","","Scopus","2-s2.0-83755177596"
"Papadopoulos G.A.; Stavrou A.; Papapetrou O.","Papadopoulos, George A. (7201360687); Stavrou, Aristos (11141500300); Papapetrou, Odysseas (56061533300)","7201360687; 11141500300; 56061533300","An implementation framework for Software Architectures based on the coordination paradigm","2006","Science of Computer Programming","60","1","","27","67","40","5","10.1016/j.scico.2005.06.002","https://www.scopus.com/inward/record.uri?eid=2-s2.0-30344462348&doi=10.1016%2fj.scico.2005.06.002&partnerID=40&md5=bb0abc95570418924c3e28eb0421fcb1","Software Architectures have evolved considerably over the last decade and, partly also due to the significant progress made in component-based development, have become a major subfield of Software Engineering. The associated field of Architecture Description Languages (ADLs) has also evolved considerably, providing numerous approaches to the formal specification and representation of architectural designs. In this field, one of its most interesting (and rather recent) aspects has been the exploration of different ways to map architectural specifications down to executable representations. In this paper, we present a methodology for mapping the generic features of any typical ADL to executable code. The mapping process involves the use of ACME, a generic language for describing software architectures, and the coordination paradigm. More to the point, we show how the core concepts of ACME can be mapped to equivalent executable code written in the coordination language Manifold. The result is the generation of skeletal code which captures and implements the most important system implementation properties of the translated architectural design, thus significantly assisting the programmer in filling in the rest of the needed code. © 2005 Elsevier B.V. All rights reserved.","Architecture Description Languages; Code generation; Coordination languages and models; Software Architectures","Codes (symbols); Computer programming languages; Computer software; Mathematical models; Software engineering; Architecture description languages; Code generation; Coordination languages and models; Software architectures; Computer architecture","Article","Final","","Scopus","2-s2.0-30344462348"
"Fink T.; Otto K.","Fink, Torsten (57223676625); Otto, Karsten (7102172333)","57223676625; 7102172333","An extensible architecture-based framework for coordination languages","2003","Proceedings of the ACM Symposium on Applied Computing","","","","402","406","4","0","10.1145/952532.952611","https://www.scopus.com/inward/record.uri?eid=2-s2.0-0038675410&doi=10.1145%2f952532.952611&partnerID=40&md5=ba8abf6acaae558215a7a3a558d157ce","The dynamic and heterogeneous nature of distributed systems make the development of distributed applications a difficult task. Various tools, such as middleware systems, component systems, and coordination languages, offer support to the application developer at different levels. There are several coordination systems that integrate such tools into a complete environment to build applications from heterogeneous components. To achieve extensibility they usually have a layered architecture: An application is first mapped to a middle layer and then to a target system. But this approach hides the specific features of a target system from the developer, as they are not represented in the middle layer, and often induces additional run-time overhead. In this paper we introduce the extensible coordination framework ECF that allows developers to build efficient distributed applications which exploit the specific features of the target systems. Support for target systems and application domains are encapsulated by extension modules. Modules can be built on top of other modules to support refined functionality.","Component technology; Coordination language; Developer framework; Distributed systems; Software architectures","Computer architecture; Computer programming languages; Distributed computer systems; Middleware; Software engineering; Coordination languages; Computer science","Conference paper","Final","","Scopus","2-s2.0-0038675410"
"Collins J.; Bagrodia R.","Collins, Justin (55461341500); Bagrodia, Rajive (7006758854)","55461341500; 7006758854","Mobile application development with melon","2014","Lecture Notes in Computer Science (including subseries Lecture Notes in Artificial Intelligence and Lecture Notes in Bioinformatics)","8487 LNCS","","","265","278","13","2","10.1007/978-3-319-07425-2_20","https://www.scopus.com/inward/record.uri?eid=2-s2.0-84958550125&doi=10.1007%2f978-3-319-07425-2_20&partnerID=40&md5=dd3fb4c950350a386f5a2610a1d852b6","Developing distributed applications for mobile ad hoc network continues to be challenging due to the dynamic and unpredictable nature of MANETs. MELON is a general purpose coordination language designed to provide flexible communication patterns for MANET applications while remaining lightweight. Based on a distributed shared message store, MELON abstracts network communication to an asynchronous exchange of persistent messages. MELON simplifies application development by supporting read-only and remove-only messages, bulk message retrieval, and per-host ordering of messages. In this paper, we review the MELON programming model, demonstrate its utility for writing MANET applications, and quantitatively compare it to traditional distributed computing paradigms in a MANET context. For a shared whiteboard application, we find MELON achieves 100% message delivery with 95% less latency than tuple spaces while also maintaining per-host message ordering. © 2014 Springer International Publishing Switzerland.","","Mobile computing; Telecommunication networks; Application development; Coordination language; Distributed applications; Flexible communication; MANET applications; Mobile application development; Network communications; Programming models; Mobile ad hoc networks","Conference paper","Final","","Scopus","2-s2.0-84958550125"
"Andreoli J.-M.","Andreoli, Jean-Marc (7004167903)","7004167903","The coordination language facility and applications","1999","Lecture Notes in Computer Science (including subseries Lecture Notes in Artificial Intelligence and Lecture Notes in Bioinformatics)","1581","","","1","5","4","0","10.1007/3-540-48959-2_1","https://www.scopus.com/inward/record.uri?eid=2-s2.0-84949205446&doi=10.1007%2f3-540-48959-2_1&partnerID=40&md5=cacd4e4ed08c296509593baf7faaf81b","This short paper gives a quick overview of CLF, a distributed object coordination middleware, and two applications of that platform to workflow. The driving concepts behind CLF derive from a reflection on proof search in Linear Logic, and in particular, the systematic exploitation of its resource conscious nature. © Springer-Verlag Berlin Heidelberg 1999.","","Couplings; Middleware; Pathology; Coordination language; Coordination middleware; Distributed objects; Linear logic; Proof search; Biomineralization","Conference paper","Final","","Scopus","2-s2.0-84949205446"
"Limniotes T.; Mourlas C.; Papadopoulos G.A.","Limniotes, T. (6507927924); Mourlas, C. (59056361700); Papadopoulos, G.A. (7201360687)","6507927924; 59056361700; 7201360687","Event-driven coordination of real-time components","2002","Proceedings - International Conference on Distributed Computing Systems","2002-January","","1030834","589","594","5","2","10.1109/ICDCSW.2002.1030834","https://www.scopus.com/inward/record.uri?eid=2-s2.0-84994236273&doi=10.1109%2fICDCSW.2002.1030834&partnerID=40&md5=f813097a1c2cbe8124e58250b781b27f","The coordination paradigm has been used extensively as a mechanism for software composition and integration. However, relatively little work has been done for the cases where the software components involved have real-time requirements. The paper presents an extension to a state-of-the-art controller event-driven coordination language with real-time capabilities. It then illustrates the expressiveness of the proposed extensions by means of modeling a distributed multimedia application. Finally, it discusses how these extensions can be supported by the underlying architecture. © 2002 IEEE.","CBSE; Coordination Paradigm; Distributed Multimedia; Real-Time Systems","Distributed computer systems; Interactive computer systems; CBSE; Coordination language; Coordination Paradigm; Distributed multimedia; Real time capability; Real time requirement; Software component; Software composition; Real time systems","Conference paper","Final","","Scopus","2-s2.0-84994236273"
"Denti E.; Natali A.; Omicini A.; Venuti M.","Denti, Enrico (7003759868); Natali, Antonio (7007127383); Omicini, Andrea (57208540250); Venuti, Marco (57225731544)","7003759868; 7007127383; 57208540250; 57225731544","An extensible framework for the development of coordinated applications","1996","Lecture Notes in Computer Science (including subseries Lecture Notes in Artificial Intelligence and Lecture Notes in Bioinformatics)","1061","","","305","320","15","7","10.1007/3-540-61052-9_53","https://www.scopus.com/inward/record.uri?eid=2-s2.0-84958743149&doi=10.1007%2f3-540-61052-9_53&partnerID=40&md5=c6c94cd12a1e83cd76e0818db3a0f857","Distributed programming suffers from the lack of abstractions and tools required to handle and analyse the large amount of information characterising distributed systems. On the other hand, the separation of computation and coordination models definitely simplifies the design of a programming environment for distributed applications. Starting from this consideration, the ACLT coordination model extends the basic Linda kernel, by providing support for heterogeneous multiagent systems, as well as for hybrid agent architectures integrating deduction and reaction. The design of the architectural support for the ACLT- model led to the definition of a general-purpose scheme which is powerful enough to be used both for the system extension of the basic communication kernel and for building application-defined development tools. Such an approach is based on the idea of reactive communication abstractions, which can be programmed by agents according to a specification language which is rooted in the same model as the coordination language. © Springer-Verlag Berlin Heidelberg 1996.","Coordination models; Distributed programming environments; Extensible communication abstractions","Abstracting; Computational linguistics; Coordination reactions; Multi agent systems; Specification languages; Communication abstraction; Coordination language; Coordination model; Distributed applications; Distributed programming; Heterogeneous multi-agent systems; Hybrid agent architecture; Programming environment; Distributed computer systems","Conference paper","Final","","Scopus","2-s2.0-84958743149"
"Ciancarini P.","Ciancarini, Paolo (7004218817)","7004218817","An overview of declarative process modelling using logic programming","1996","Knowledge Engineering Review","11","4","","303","316","13","0","10.1017/s0269888900008006","https://www.scopus.com/inward/record.uri?eid=2-s2.0-0030408266&doi=10.1017%2fs0269888900008006&partnerID=40&md5=e3c8d0cfd6572437044a495f5a7adcae","Software process modelling is the activity of formalising the production lifecycle of large software systems. Its aim is to formally describe a software development process, which is then effectively used and possibly enacted by an environment able to support the geographically distributed and coordinated activities involved in the process itself. I show that rule-based languages, especially logic programming languages, are an important technology for the specification, modelling, enactment and coordination of software processes. This is because most routine activities in any development process can be defined by rules. Some initial proposals aimed at simply simulating the software process by a Prolog-like program embedding some development rules. A further step toward the integration of rule-based languages in the software process has been taken using a dynamic knowledge base as project database, and a number of special primitives have been introduced to support process programs. Currently there is a trend toward more complex programming environments, called process-centred development environments. I show how some rule-based coordination language have been used to build an environment of this kind.","","Computer hardware description languages; Computer simulation; Expert systems; Formal languages; Logic programming; PROLOG (programming language); Software prototyping; Process centered development environments; Software process modelling; Computer aided software engineering","Review","Final","","Scopus","2-s2.0-0030408266"
"Di Pierro A.; Hankin C.; Wiklicky H.","Di Pierro, Alessandra (8352237700); Hankin, Chris (57203458571); Wiklicky, Herbert (57193059656)","8352237700; 57203458571; 57193059656","Probabilistic linda-based coordination languages","2005","Lecture Notes in Computer Science (including subseries Lecture Notes in Artificial Intelligence and Lecture Notes in Bioinformatics)","3657 LNCS","","","120","140","20","4","10.1007/11561163_6","https://www.scopus.com/inward/record.uri?eid=2-s2.0-33646035230&doi=10.1007%2f11561163_6&partnerID=40&md5=7a12eaeb9e4ba18cf68f8cdfc723596b","Coordination languages are intended to simplify the development of complex software systems by separating the coordination aspects of an application from its computational aspects. Coordination refers to the ways the independent active pieces of a program (e.g. a process, a task, a thread, etc.) communicate and synchronise with each other. We review various approaches to introducing probabilistic or stochastic features in coordination languages. The main objective of such a study is to develop a semantic basis for a quantitative analysis of systems of interconnected or interacting components, which allows us to address not only the functional (qualitative) aspects of a system behaviour but also its non-functional aspects, typically considered in the realm of performance modelling and evaluation. © Springer-Verlag Berlin Heidelberg 2005.","","Computational methods; Computer software; Large scale systems; Semantics; Stochastic control systems; Synchronization; Complex software systems; Computational aspects; Coordination languages; Performance modeling; Computer programming languages","Conference paper","Final","","Scopus","2-s2.0-33646035230"
"Busi N.; Zavattaro G.","Busi, Nadia (57193752905); Zavattaro, Gianluigi (6701571633)","57193752905; 6701571633","A process algebraic view of shared dataspace coordination","2008","Journal of Logic and Algebraic Programming","75","1","","52","85","33","6","10.1016/j.jlap.2007.06.003","https://www.scopus.com/inward/record.uri?eid=2-s2.0-38649089777&doi=10.1016%2fj.jlap.2007.06.003&partnerID=40&md5=199d5e31efd05be6bb217c500c3970ec","Coordination languages were introduced in the early 1980s as programming notations to manage the interaction among concurrent collaborating software entities. Process algebras have been successfully exploited for the formal definition of the semantics of these languages and as a framework for the comparison of their expressive power. We provide an incremental and uniform presentation of a collection of process calculi featuring coordination primitives for the shared dataspace coordination model (inspired by Linda, JavaSpaces, TSpaces, and the like). On the one hand, the incremental presentation of the various calculi permits to reason about specific linguistic constructs of coordination languages. On the other hand, the uniform presentation of a family of related calculi allows us to obtain an overview of the main results achieved in the literature on different (and unrelated) calculi. © 2007 Elsevier Inc. All rights reserved.","Coordination models and languages; Event notification; Process calculi; Transactions; Tuple spaces","Computer software; Computer supported cooperative work; Logic programming; Mathematical models; Coordination models; Event notification; Process calculi; Tuple spaces; Database systems","Article","Final","","Scopus","2-s2.0-38649089777"
"Chapman B.; Haines M.; Mehrotra P.; Zima H.; Van Rosendale J.","Chapman, Barbara (7202837722); Haines, Matthew (7102379461); Mehrotra, Piyush (7005441689); Zima, Hans (7003387383); Van Rosendale, John (6603600204)","7202837722; 7102379461; 7005441689; 7003387383; 6603600204","Opus: A Coordination Language for Multidisciplinary Applications","1997","Scientific Programming","6","4","","345","362","17","36","10.1155/1997/632908","https://www.scopus.com/inward/record.uri?eid=2-s2.0-0031328695&doi=10.1155%2f1997%2f632908&partnerID=40&md5=05e5b18770c03bab9c9fe91e1b769ee6","Data parallel languages, such as High Performance Fortran, can be successfully applied to a wide range of numerical applications. However, many advanced scientific and engineering applications are multidisciplinary and heterogeneous in nature, and thus do not fit well into the data parallel paradigm. In this paper we present Opus, a language designed to fill this gap. The central concept of Opus is a mechanism called ShareD Abstractions (SDA). An SDA can be used as a computation server, i.e., a locus of computational activity, or as a data repository for sharing data between asynchronous tasks. SDAs can be internally data parallel, providing support for the integration of data and task parallelism as well as nested task parallelism. They can thus be used to express multidisciplinary applications in a natural and efficient way. In this paper we describe the features of the language through a series of examples and give an overview of the runtime support required to implement these concepts in parallel and distributed environments.","","Programming theory; Software engineering; Computational complexity; Data processing; Distributed computer systems; Parallel processing systems; Response time (computer systems); Software engineering; Coordination language; Data repositories; Distributed environments; High performance fortrans; Numerical applications; Runtime support; Scientific and engineering applications; Task parallelism; Data parallel languages; Nested task parallelism; ShareD abstractions; Software Package Opus; Computational linguistics; Computer simulation languages","Article","Final","All Open Access; Gold Open Access","Scopus","2-s2.0-0031328695"
"Kwok J.; Lohstroh M.; Lee E.A.","Kwok, Jacky (58771845600); Lohstroh, Marten (56575155100); Lee, Edward A. (7406967883)","58771845600; 56575155100; 7406967883","Efficient Parallel Reinforcement Learning Framework Using the Reactor Model","2024","Annual ACM Symposium on Parallelism in Algorithms and Architectures","","","","41","51","10","0","10.1145/3626183.3659967","https://www.scopus.com/inward/record.uri?eid=2-s2.0-85197384874&doi=10.1145%2f3626183.3659967&partnerID=40&md5=496284caeb407c7b93d37c6a1c46b9ae","Parallel Reinforcement Learning (RL) frameworks are essential for mapping RL workloads to multiple computational resources, allowing for faster generation of samples, estimation of values, and policy improvement. These computational paradigms require a seamless integration of training, serving, and simulation workloads. Existing frameworks, such as Ray, are not managing this orchestration efficiently, especially in RL tasks that demand intensive input/output and synchronization between actors on a single node. In this study, we have proposed a solution implementing the reactor model, which enforces a set of actors to have a fixed communication pattern. This allows the scheduler to eliminate work needed for synchronization, such as acquiring and releasing locks for each actor or sending and processing coordination-related messages. Our framework, Lingua Franca (LF), a coordination language based on the reactor model, also supports true parallelism in Python and provides a unified interface that allows users to automatically generate dataflow graphs for RL tasks. In comparison to Ray on a single-node multi-core compute platform, LF achieves 1.21x and 11.62x higher simulation throughput in OpenAI Gym and Atari environments, reduces the average training time of synchronized parallel Q-learning by 31.2%, and accelerates multi-agent RL inference by 5.12x. © 2024 Owner/Author.","machine learning; model of computation; parallel computing; programming languages; reinforcement learning","Data flow analysis; Learning algorithms; Multi agent systems; Parallel processing systems; Parallel programming; Simulation platform; Synchronization; Computational resources; Learning frameworks; Learning tasks; Machine-learning; Model of computation; Parallel com- puting; Parallel reinforcement learning; Reactor modelling; Reinforcement learnings; Sample estimations; Reinforcement learning","Conference paper","Final","All Open Access; Green Open Access","Scopus","2-s2.0-85197384874"
"Fink T.; Otto K.","Fink, Torsten (57223676625); Otto, Karsten (7102172333)","57223676625; 7102172333","An extensible architecture-based framework for coordination languages","2004","International Journal of Cooperative Information Systems","13","1","","37","61","24","0","10.1142/S0218843004000882","https://www.scopus.com/inward/record.uri?eid=2-s2.0-8644244882&doi=10.1142%2fS0218843004000882&partnerID=40&md5=0c151dc0afd67dfd1009c5b9eb9dfd00","The dynamic and heterogeneous nature of distributed systems makes the development of distributed applications a difficult task. Various tools, such as middleware systems, component systems, and coordination languages, offer support the application developer at different levels. There are several coordination systems that integrate such tools into a complete environment to build applications from heterogeneous components. To achieve extensibility they usually have a layered architecture: an application is first mapped to a middle layer and then to a target system. But this approach hides the specific features of a target system from the developer, as they are not represented in the middle layer, and often induces additional run-time overhead. In this paper, we introduce the extensible coordination framework ECF that allows developers to build efficient distributed applications which exploit the specific features of the target systems. Support for target systems and application domains are encapsulated by extension modules. Modules can be built on top of other modules to support refined functionality.","Component technology; Coordination language; Developer framework; Distributed systems; Software architectures","Computer architecture; Computer programming; Computer software; Java programming language; Large scale systems; Middleware; Component technology; Coordination languages; Developer framework; Network programming; Distributed computer systems","Article","Final","","Scopus","2-s2.0-8644244882"
"Limniotes T.A.; Papadopoulos G.A.","Limniotes, Theophilos A. (6507927924); Papadopoulos, George A. (7201360687)","6507927924; 7201360687","Real-time coordination in distributed multimedia systems","2000","Lecture Notes in Computer Science (including subseries Lecture Notes in Artificial Intelligence and Lecture Notes in Bioinformatics)","1800 LNCS","","","685","691","6","2","10.1007/3-540-45591-4_93","https://www.scopus.com/inward/record.uri?eid=2-s2.0-84876363019&doi=10.1007%2f3-540-45591-4_93&partnerID=40&md5=d2725303a1676d950270551a479c0e0b","The coordination paradigm has been used extensively as a mechanism for software composition and integration. However, little work has been done for the cases where the software components involved have real-time requirements. The paper presents an extension to a state-of-the-art control or event-driven coordination language with real-time capabilities. It then shows the capability of the proposed model in modelling distributed multimedia environments. © 2000 Springer-Verlag Berlin Heidelberg.","","Multimedia systems; Coordination language; Distributed multimedia; Distributed multimedia systems; Real time capability; Real time coordination; Real time requirement; Software component; Software composition; Real time systems","Conference paper","Final","","Scopus","2-s2.0-84876363019"
"Zargayouna M.; Balbo F.; Haddad S.","Zargayouna, Mahdi (13103602500); Balbo, Flavien (15768897000); Haddad, Serge (55831988100)","13103602500; 15768897000; 55831988100","Data driven language for agents secure interaction","2010","Lecture Notes in Computer Science (including subseries Lecture Notes in Artificial Intelligence and Lecture Notes in Bioinformatics)","6039 LNAI","","","72","91","19","2","10.1007/978-3-642-13338-1_5","https://www.scopus.com/inward/record.uri?eid=2-s2.0-77954399234&doi=10.1007%2f978-3-642-13338-1_5&partnerID=40&md5=c8cad7b0198fce515d5fbdb849d45924","This paper discusses the security issues in data driven coordination languages. These languages rely on a data space shared by the agents and used to coordinate their activities. We extend these languages with a main distinguishing feature, which is the possibility to define fine-grained state-based security conditions, associated with every datum in the shared space. Two main ideas makes it possible: the consideration of an abstraction of agents' states in the form of data at language level and the introduction of a richer interaction mechanism than state-of-the-art templates. This novel security mechanism allows both agents and system designers to prohibit undesirable interactions. © 2010 Springer-Verlag.","","Artificial intelligence; Computer science; Computers; Coordination language; Interaction mechanisms; Language levels; Secure interactions; Security issues; Security mechanism; State of the art; System designers; Multi agent systems","Conference paper","Final","","Scopus","2-s2.0-77954399234"
"Saifipoor S.; Ladani B.T.; Nematbakhsh N.","Saifipoor, Soheil (24475142300); Ladani, Behrouz Tork (36026993300); Nematbakhsh, Naser (15136726100)","24475142300; 36026993300; 15136726100","A dynamic reconfigurable web service composition framework using reo coordination language","2007","Proceedings of the 5th IEEE European Conference on Web Services, ECOWS 07","","","4399749","203","212","9","5","10.1109/ECOWS.2007.14","https://www.scopus.com/inward/record.uri?eid=2-s2.0-47749144772&doi=10.1109%2fECOWS.2007.14&partnerID=40&md5=06ced0caaf92d74d05ad27e25e0e0331","Web services are self-contained, modular units of application logic which provide business functionality to other applications via Internet connections. Several models have been used to compose Web services which are mainly served at specification level and provide static data dependent coordination processes. Hence they can not support reconfigurable dynamic coordination processes in which participant Web services and the coordination process itself will not be known explicitly prior to execution and would be determined dynamically at run time. In this paper we present a framework to coordinate Web services using Reo coordination language. Reo is a channel-based exogenous coordination language which has a formal basis and supports loose coupling, distribution, dynamic reconfiguration and mobility. Given that Web services are inherently loosely coupled and primarily built independently, the channel-based structure of Reo and its reconfigurability will provide a reconfigurable coordination mechanism for Web service composition. The proposed approach is a distributed dynamic orchestration framework which uses Reo channels as a communication means between Web services and benefits from Reo reconfiguration property to provide a dynamic coordination process. Due to data independence property of Reo, the proposed model is a data neutral framework which is mainly focused on coordination. In this paper we also present a number of case studies by using the proposed framework and investigate its pros and cons through these case studies. © 2007 IEEE.","","Dynamic models; Information services; Internet; Linguistics; Web services; Application logic; Case studies; Coordination languages; Coordination mechanisms; Coordination processes; Data dependent; Data independence; Dynamic coordination; Dynamic reconfigurations; European; Internet connections; Loose couplings; Modular units; Neutral framework; Re configurability; Re-configurable; Run time; Web service composition; World Wide Web","Conference paper","Final","","Scopus","2-s2.0-47749144772"
"Wilke J.J.","Wilke, Jeremiah J. (23669464700)","23669464700","Coordination languages and MPI perturbation theory: The FOX tuple space framework for resilience","2014","Proceedings - IEEE 28th International Parallel and Distributed Processing Symposium Workshops, IPDPSW 2014","","","6969518","1208","1217","9","2","10.1109/IPDPSW.2014.136","https://www.scopus.com/inward/record.uri?eid=2-s2.0-84918817713&doi=10.1109%2fIPDPSW.2014.136&partnerID=40&md5=ccbabedfdbc1a57d18a384820bc9897b","Coordination languages are an established programming model for distributed computing, but have been largely eclipsed by message passing (MPI) in scientific computing. In contrast to MPI, parallel workers never directly communicate, instead 'coordinating' indirectly via key-value store puts and gets. Coordination often focuses on program expressiveness, making parallel codes easier to implement. However, coordination also benefits resilience since the key-value store acts as a virtualization layer. Coordination languages (notably Linda) were therefore leading candidates for fault-tolerance in the early '90s. We present the FOX tuple space framework, an extension of Linda ideas focused primarily on transitioning MPI codes to coordination programming. We demonstrate the notion of 'MPI Perturbation Theory,' showing how MPI codes can be naturally generalized to the tuple-space framework. We also consider details of high-performance interconnects, showing how intelligent use of RDMA hardware allows virtualization with minimal added latency. The framework is shown to be resilient to degradation of individual nodes, automatically rebalancing for minimal performance loss. Future fault-tolerant extensions are discussed. © 2014 IEEE.","Asynchronous execution models; Fault-tolerance; Many-task models; Resilience; Work stealing","Computation theory; Fault tolerance; Memory architecture; Message passing; Virtualization; Asynchronous executions; Coordination language; Coordination programming; Perturbation theory; Resilience; Task models; Virtualization layers; Work stealing; Perturbation techniques","Conference paper","Final","All Open Access; Green Open Access","Scopus","2-s2.0-84918817713"
"Stam A.","Stam, Andries (12751767400)","12751767400","A framework for coordinating parallel branch and bound algorithms","2002","Lecture Notes in Computer Science (including subseries Lecture Notes in Artificial Intelligence and Lecture Notes in Bioinformatics)","2315","","","332","339","7","1","10.1007/3-540-46000-4_30","https://www.scopus.com/inward/record.uri?eid=2-s2.0-35048816903&doi=10.1007%2f3-540-46000-4_30&partnerID=40&md5=33c7822251273dd1a8a0dcfd7d0e6990","Branch and bound algorithms can be used for a variety of optimization problems. They are known to be very well suited for parallelization, which is a useful property to investigate in the light of coordination. This paper presents a general framework for parallel branch and bound algorithms, implemented using the coordination language MANIFOLD. Within this framework, the code for the optimization problemis separated fromthe generic branch and bound algorithmand the coordination strategy is separated fromthe coordinated components. The framework is an example of how the use of a coordination language can lead to a clean, comprehensible and flexible software architecture for complex parallel systems. © Springer-Verlag Berlin Heidelberg 2002.","","Coordination reactions; Branch-and-bound algorithms; Coordination language; Coordination strategy; Optimization problems; Parallel branch and bounds; Parallel system; Parallelizations; Useful properties; Branch and bound method","Conference paper","Final","","Scopus","2-s2.0-35048816903"
"Baier C.; Klein J.; Klüppelholz S.","Baier, Christel (57204676780); Klein, Joachim (35613648200); Klüppelholz, Sascha (16444571200)","57204676780; 35613648200; 16444571200","Modeling and verification of components and connectors","2011","Lecture Notes in Computer Science (including subseries Lecture Notes in Artificial Intelligence and Lecture Notes in Bioinformatics)","6659 LNCS","","","114","147","33","10","10.1007/978-3-642-21455-4_4","https://www.scopus.com/inward/record.uri?eid=2-s2.0-79959259131&doi=10.1007%2f978-3-642-21455-4_4&partnerID=40&md5=47c59405ef383beef57f307ee53a1db6","Component-based software engineering divides a complex system into smaller logical components with well-defined interfaces. To likewise make the complex interactions between components explicit, exogenous coordination languages like Reo allow the construction of complex coordination glue code in the form of networks of channels and connectors, orchestrating the interactions of the components. In this paper, we present an overview of the modeling concepts for components and connectors using Reo and the underlying constraint automata framework and detail the specification and verification of properties using logics tailored to this framework. © 2011 Springer-Verlag.","","Automata theory; Computer software; Coordination reactions; Design; Interfaces (computer); Verification; Complex networks; Computer software; Coordination reactions; Software engineering; Complex interaction; Component-based software engineering; Constraint automata; Coordination language; Glue-codes; Modeling concepts; Specification and verification; Component-based software engineering; Constraint automata; Coordination language; Glue-codes; Modeling and verifications; Modeling concepts; Specification and verification; Formal methods; Formal methods","Conference paper","Final","","Scopus","2-s2.0-79959259131"
"Jongmans S.-S.T.Q.; Arbab F.","Jongmans, Sung-Shik T.Q. (36514849300); Arbab, Farhad (56912054400)","36514849300; 56912054400","Overview of thirty semantic formalisms for Reo","2012","Scientific Annals of Computer Science","22","1","","201","251","50","63","10.7561/SACS.2012.1.201","https://www.scopus.com/inward/record.uri?eid=2-s2.0-84863551486&doi=10.7561%2fSACS.2012.1.201&partnerID=40&md5=0926f1a042c77754efeb595996c5cdad","Over the past decades, coordination languages have emerged for the specification and implementation of interaction protocols for communicating software components. This class of languages includes Reo, a platform for compositional construction of connectors. In recent years, many formalisms for describing the behavior of Reo connectors have emerged. In this paper, we give an overview of all these classes of semantic models. Furthermore, we investigate the expressiveness of two more prominent classes, constraint automata and coloring models, in detail. © Scientific Annals of Computer Science 2012.","Concurrency; Connector coloring; Constraint automata; Coordination; Reo; Semantics","","Article","Final","All Open Access; Gold Open Access","Scopus","2-s2.0-84863551486"
"Arbab F.","Arbab, Farhad (56912054400)","56912054400","Composition of interacting computations","2006","Interactive Computation: The New Paradigm","","","","277","321","44","16","10.1007/3-540-34874-3_12","https://www.scopus.com/inward/record.uri?eid=2-s2.0-77958047866&doi=10.1007%2f3-540-34874-3_12&partnerID=40&md5=3bad318f95018373d39c96d3c82cb813","The field of programming has been concerned with software composition since its very inception. Our models for software composition have brought us up to a new plateau of software complexity and composition. To tackle the challenges of composition at this level requires new models for software composition centered on interaction as a first-class concept. Interaction has been studied as an inseparable concern within concurrency theory. Curiously, however, interaction has not been seriously considered as a first-class concept in constructive models of computation. Composition of systems out of autonomous subsystems pivots on coordination concerns that center on interaction. Coordination models and languages represent a recent approach to design and development of concurrent systems. In this chapter, we present a brief overview of coordination models and languages, followed by a framework for their classification. We then focus on a specific coordination language, called Reo, and demonstrate how it provides a powerful and expressive model for flexible composition of behavior through interaction. Reo serves as a good example of a constructive model of computation that treats interaction as a (in fact, the only) first-class concept. It uniquely focuses on the compositional construction of connectors that enable and coordinate the interactions among the constituents in a concurrent system, without their knowledge. We show how Reo allows complex behavior in a system to emerge as a composition of primitive interactions. © 2006 Springer-Verlag Berlin Heidelberg.","","","Book chapter","Final","","Scopus","2-s2.0-77958047866"
"Focardi R.; Lucchi R.; Zavattaro G.","Focardi, Riccardo (6701345241); Lucchi, Roberto (16947925300); Zavattaro, Gianluigi (6701571633)","6701345241; 16947925300; 6701571633","Secure shared data-space coordination languages: A process algebraic survey","2006","Science of Computer Programming","63","1","","3","15","12","11","10.1016/j.scico.2005.07.011","https://www.scopus.com/inward/record.uri?eid=2-s2.0-33748752036&doi=10.1016%2fj.scico.2005.07.011&partnerID=40&md5=12c5bd44b2f5af5b25e836c59f2490c2","Shared data-space coordination languages, which provide a means to program interactions between decoupled entities abstracting away from their internal behavior, represent a powerful framework for programming network applications over the Internet and, in general, in open systems where the entities involved are not known a priori. In this context, where programs may run in an untrusted environment, new challenges come into play such as to provide a means to support security. In this paper we outline the most significant security threats emerging in this context and we present a survey, in a process algebraic setting, of the most interesting shared data-space coordination languages. © 2006 Elsevier B.V. All rights reserved.","Coordination models and languages; Security; Tuple spaces","Algebra; Computer networks; Computer programming; Distributed database systems; Information dissemination; Security of data; Security systems; Coordination models and languages; Programming network applications; Shared data space coordination languages; Tuple spaces; Computer programming languages","Article","Final","All Open Access; Bronze Open Access","Scopus","2-s2.0-33748752036"
"Kokash N.; Jaghoori M.M.; Arbab F.","Kokash, Natallia (22733910700); Jaghoori, Mohammad Mahdi (6507684888); Arbab, Farhad (56912054400)","22733910700; 6507684888; 56912054400","From timed Reo networks to networks of timed automata","2013","Electronic Notes in Theoretical Computer Science","295","","","11","29","18","4","10.1016/j.entcs.2013.04.004","https://www.scopus.com/inward/record.uri?eid=2-s2.0-84877286308&doi=10.1016%2fj.entcs.2013.04.004&partnerID=40&md5=3d6b2ae02fcd18aef52a727583a7c0c1","The Reo coordination language is an extensible graphical notation for component or service coordination wherein independent autonomous software entities exchange data through a connector or a network imposing synchronization and data constraints on those entities. Each connector is formed from a set of binary connectors, called channels, with precise semantics and, thus, amenable to formal verification. However, the development of verification tools for Reo-specific semantic models, namely, constraint automata with its multiple extensions to represent quality of service, time constraints, context-dependent or probabilistic behavior would require years of research and development. A much more promising approach is to exploit already existing verification tools. In this paper, we present a mapping of timed Reo networks to networks of timed automata used for system specification in Uppaal. Uppaal is a state-of-the-art toolset for modeling, validation and verification of real-time systems used in many large-scale industrial projects. Our work enables its application to the compositional analysis of timed service-based workflow models specified with Reo. © 2013 Elsevier B.V. All rights reserved.","Model checking; Networks of Timed Automata; Reo Coordination Language; Service Composition; Timed Constraint Automata; Uppaal","Model checking; Quality of service; Real time systems; Semantics; Software agents; Specifications; Coordination language; Service compositions; Timed Automata; Timed constraint automaton; Uppaal; Automata theory","Conference paper","Final","All Open Access; Gold Open Access; Green Open Access","Scopus","2-s2.0-84877286308"
"Smirnov A.; Kashevnik A.; Shilov N.; Oliver I.; Balandin S.; Boldyrev S.","Smirnov, Alexander (55725403900); Kashevnik, Alexey (16646119200); Shilov, Nikolay (55932123000); Oliver, Ian (36794059600); Balandin, Sergey (7003703604); Boldyrev, Sergey (26421898700)","55725403900; 16646119200; 55932123000; 36794059600; 7003703604; 26421898700","Anonymous agent coordination in smart spaces: State-of-the-art","2009","Lecture Notes in Computer Science (including subseries Lecture Notes in Artificial Intelligence and Lecture Notes in Bioinformatics)","5764 LNCS","","","42","51","9","26","10.1007/978-3-642-04190-7_5","https://www.scopus.com/inward/record.uri?eid=2-s2.0-70350458784&doi=10.1007%2f978-3-642-04190-7_5&partnerID=40&md5=54d70b29f7475738aebf14fb0056d990","Development of new technologies brings people new possibilities such as smart spaces. Smart spaces can provide better user experience by allowing a user to connect new devices flexibly and to access all the information in the multi device system from any of the devices. The paper describes work-in-progress performed under a joint project of SPIIRAS and Nokia. The project is aimed at the analysis of existing anonymous agent coordination languages and adaptation of them to coordination of smart space devices. © 2009 Springer Berlin Heidelberg.","Anonymous agents; Coordination; Smart space","User experience; Agent coordination; Coordination; Joint projects; Multi-devices; New devices; Smart space; State of the art; Work in progress; Next generation networks","Conference paper","Final","","Scopus","2-s2.0-70350458784"
"Papadopoulos G.A.","Papadopoulos, George A. (7201360687)","7201360687","Modelling and implementing asynchronous timed multimedia frameworks using coordination principles","2005","Future Generation Computer Systems","21","5","","687","698","11","0","10.1016/j.future.2004.05.009","https://www.scopus.com/inward/record.uri?eid=2-s2.0-17644363024&doi=10.1016%2fj.future.2004.05.009&partnerID=40&md5=edbf1d8162c88481f7d168edabb12d30","This paper combines work done in the areas of Artificial Intelligence, Multimedia Systems and Coordination Programming to derive a framework for Distributed Multimedia Systems based on asynchronous timed computations expressed in a certain coordination formalism. More to the point, we propose the development of multimedia programming frameworks based on the declarative logic programming setting and in particular the framework of object-oriented timed concurrent constraint programming (OO-TCCP). The real-time extensions that have been proposed for the concurrent constraint programming framework are coupled with the object-oriented and inheritance mechanisms that have been developed for logic programs yielding an integrated declarative environment for multimedia objects modelling, composition and synchronisation. Furthermore, we show how the framework can be implemented in the general-purpose coordination language MANIFOLD without the need for using special architectures or real-time languages. © 2004 Elsevier B.V. All rights reserved.","Coordination models; Distributed computing; Multimedia programming; Timed asynchronous languages; Timed concurrent constraint programming","Artificial intelligence; Computational methods; Distributed computer systems; Logic programming; Mathematical models; Object oriented programming; Real time systems; Synchronization; Coordination models; Distributed computing; Multimedia programming; Timed asynchronous languages; Timed concurrent constraint programming; Multimedia systems","Conference paper","Final","","Scopus","2-s2.0-17644363024"
"Papadopoulos G.A.; Fakas G.","Papadopoulos, George A. (7201360687); Fakas, George (6603230622)","7201360687; 6603230622","Component-based development of dynamic workflow systems using the coordination paradigm","2003","Lecture Notes in Computer Science (including subseries Lecture Notes in Artificial Intelligence and Lecture Notes in Bioinformatics)","2763","","","304","315","11","3","10.1007/978-3-540-45145-7_28","https://www.scopus.com/inward/record.uri?eid=2-s2.0-35248896396&doi=10.1007%2f978-3-540-45145-7_28&partnerID=40&md5=56f191e797a38fdaf7012326b04c3e0f","We argue for the need to use control-based, event-driven and state-defined coordination models and associated languages in modelling and automating business processes (workflows). We propose a two-level architecture of a hierarchical workflow management system modelled and developed in such a state-of-the-art coordination language. The main advantage of a hierarchical, coordination-based architecture is that individual workflow entities can be easily replaced with others, without disrupting the overall workflow process. Each individual workflow entity exhibits a certain degree of flexibility and autonomy. This makes possible the construction of workflow systems that bring further improvements to process automation and dynamic management, such as dynamic (re-) allocation of activities to actors, reusability of coordination (collaboration) patterns, etc. A case study is presented to demonstrate the use of our approach. © Springer-Verlag Berlin Heidelberg 2003.","Collaborative Environments; Component-Based Systems; Coordination Models and Languages; Dynamic (Re-) Configurable Systems; Workflow Systems","Computational linguistics; Distributed computer systems; Software engineering; Work simplification; Collaborative environments; Component based systems; Configurable systems; Coordination models and languages; Work-flow systems; Modeling languages","Article","Final","","Scopus","2-s2.0-35248896396"
"Arbab F.; Ciancarini P.; Hankin C.","Arbab, F. (56912054400); Ciancarini, P. (7004218817); Hankin, C. (57203458571)","56912054400; 7004218817; 57203458571","Coordination languages for parallel programming","1998","Parallel Computing","24","7","","989","1004","15","19","10.1016/S0167-8191(98)00039-8","https://www.scopus.com/inward/record.uri?eid=2-s2.0-0032119976&doi=10.1016%2fS0167-8191%2898%2900039-8&partnerID=40&md5=4c10827e40e82d3ec33599283b56e348","A number of interesting models have been proposed and used to support coordination languages and systems. In this introductory paper, we first present a number of important concepts that form a context for classification and comparison of various coordination models and languages, and their applications. Next, we review three models and their associated languages, representing three different approaches to coordination. We illustrate the application of each model and language by using it to solve the classical dining philosophers problem. This paper ends with an overview of the rest of the papers that appear in this special issue. © 1998 Elsevier Science B.V. All rights reserved.","Coordination languages; Gamma; Linda; Manifold; Models of communication; Overview; Parallel programming; Philosophers problem","Parallel processing systems; Problem solving; Coordination languages; Parallel programming; Computer programming languages","Article","Final","All Open Access; Green Open Access","Scopus","2-s2.0-0032119976"
"Ben-Shaul I.; Cohen A.; Holder O.; Lavva B.","Ben-Shaul, Israel (6701371379); Cohen, Avron (55465465700); Holder, Ophir (6602816321); Lavva, Boris (6506543028)","6701371379; 55465465700; 6602816321; 6506543028","HADAS: A network-centric framework for interoperability programming","1997","International Journal of Cooperative Information Systems","6","3-4","","293","314","21","12","10.1142/s0218843097000148","https://www.scopus.com/inward/record.uri?eid=2-s2.0-0003018773&doi=10.1142%2fs0218843097000148&partnerID=40&md5=597b0b3f8300ca53d2af1f0a7ba46b2d","The explosive growth in global networking infrastructures has created the opportunity to construct systems involving large number of independent and widely-distributed computational components. Administrative and operational autonomy considerations imply that the actual establishment of agreements regarding all aspects of component interaction must be explicitly declared and effectively formed. Moreover, since agreements may evolve over time, their representation needs to be highly tailorable. Design autonomy considerations imply the need to interoperate between pre-existing components, yet not enforce a fixed interoperability standard. The HADAS system addresses both concerns by providing a model and a corresponding programmable interface to component interoperability. Specifically, it provides an integration framework in which components ""live"", a peer-based configuration model for forming agreements and interconnections between components, and a coordination language for explicitly programming the actual desired distributed computation using these components. The framework rests on an underlying reflective object model that supports mutability and mobility, and an infrastructure that provides object interconnectivity, security and persistence. HADAS is fully implemented in Java and comes with a full programming environment for developing and executing network-centric applications. © World Scientific Publishing Company.","Ambassadors; Distributed software engineering; Dynamic reconfiguration; Global interoperability; Heterogeneous autonomous distributed systems; Network-centric computing; Reflection and mutability","","Article","Final","","Scopus","2-s2.0-0003018773"
"Jun B.-G.; Kim D.; Lohstroh M.; Kim H.","Jun, Byeong-Gil (58266589700); Kim, Dongha (58046106000); Lohstroh, Marten (56575155100); Kim, Hokeun (57818633900)","58266589700; 58046106000; 56575155100; 57818633900","Reliable Event Detection Using Time-Synchronized IoT Platforms","2023","ACM International Conference Proceeding Series","","","","355","360","5","0","10.1145/3576914.3587501","https://www.scopus.com/inward/record.uri?eid=2-s2.0-85159782892&doi=10.1145%2f3576914.3587501&partnerID=40&md5=c6be968366edd0afe091fca2da0e8503","State-of-the-art industrial IoT solutions struggle to handle applications in which timing is important and deterministic event ordering is crucial. We illustrate this on the basis of a simple parking lot occupancy sensing use case that is easy to explain but virtually impossible to implement using commercially available IoT infrastructure. In this paper, we compare an implementation using AWS IoT Core against one using Lingua Franca, a time-centric coordination language for constructing deterministic concurrent and distributed reactive software. Our preliminary evaluation shows that Lingua Franca can reliably address our use case.  © 2023 ACM.","cyber-physical systems; determinism; Internet of things; networked embedded systems; real-time systems; time synchronization","Cyber Physical System; Embedded systems; Interactive computer systems; Internet of things; Cybe-physical systems; Cyber-physical systems; Determinism; Deterministics; Events detection; Networked embedded systems; Real - Time system; Simple++; State of the art; Time synchronization; Real time systems","Conference paper","Final","","Scopus","2-s2.0-85159782892"
"","","","20th IFIP WG 6.1 International Conference on Coordination Models and Languages, COORDINATION 2018 Held as Part of the 13th International Federated Conference on Distributed Computing Techniques, DisCoTec 2018","2018","Lecture Notes in Computer Science (including subseries Lecture Notes in Artificial Intelligence and Lecture Notes in Bioinformatics)","10852 LNCS","","","","","279","0","","https://www.scopus.com/inward/record.uri?eid=2-s2.0-85048891069&partnerID=40&md5=f37c1652be3b8533ecd96edd264f8379","The proceedings contain 12 papers. The special focus in this conference is on Coordination Models and Languages. The topics include: Active objects for coordinating BSP computations (short paper); boosting transactional memory with stricter serializability; from field-based coordination to aggregate computing; foundations of coordination and contracts and their contribution to session type theory; twenty years of coordination technologies: State-of-the-art and perspectives; on multiplicities in tuple-based coordination languages: The bach family of languages and its expressiveness study; a formal approach to the engineering of domain-specific distributed systems; rule-based form for stream constraints; forward to a promising future; aggregation policies for tuple spaces; distributed coordination runtime assertions for the peer model.","","","Conference review","Final","","Scopus","2-s2.0-85048891069"
"Keshishzadeh S.; Izadi M.; Movaghar A.","Keshishzadeh, Sarmen (55303749000); Izadi, Mohammad (56781128700); Movaghar, Ali (6603397985)","55303749000; 56781128700; 6603397985","A Büchi automata based model checking framework for reo connectors","2012","Proceedings of the ACM Symposium on Applied Computing","","","","1536","1543","7","0","10.1145/2245276.2232021","https://www.scopus.com/inward/record.uri?eid=2-s2.0-84863598215&doi=10.1145%2f2245276.2232021&partnerID=40&md5=350ff1cd1a012af08db47bd14c36a17f","Reo is an exogenous coordination language for synchronizing components participating in a component-based system. In this paper we provide a verification framework for model checking of Reo connectors. The proposed framework applies an extension of Büchi automata as the operational semantic model for Reo connectors and a record-based extension of linear time temporal logic (LTL) for expressing properties. Several aspects of Reo connectors, specially synchronization, context dependencies and fairness constraints, are addressed by this model checker due to its supported underlying model. The main ideas behind this implementation are to introduce a symbolic representation for the main elements of our model checking framework, adapt some existing theories to our verification context and develop a new BDD-based model checker with efficient performance. Moreover, all above mentioned features of Reo connectors are addressed by this toolkit. This implementation is evaluated by means of some case studies and the results are reported. © 2012 ACM.","binary decision diagram; Büchi automata of records; linear temporal logic; model checking; Reo","Binary decision diagrams; Semantics; Software engineering; Temporal logic; Automata-based model; Component based systems; Context dependency; Coordination language; Fairness constraints; Linear temporal logic; Linear time temporal logic; Model checker; Operational semantics; Reo; Symbolic representation; Verification framework; Model checking","Conference paper","Final","","Scopus","2-s2.0-84863598215"
"Kokash N.; Krause C.; De Vink E.P.","Kokash, Natallia (22733910700); Krause, Christian (57197200057); De Vink, Erik P. (6602124391)","22733910700; 57197200057; 6602124391","Verification of context-dependent channel-based service models","2010","Lecture Notes in Computer Science (including subseries Lecture Notes in Artificial Intelligence and Lecture Notes in Bioinformatics)","6286 LNCS","","","21","40","19","15","10.1007/978-3-642-17071-3_2","https://www.scopus.com/inward/record.uri?eid=2-s2.0-78650184300&doi=10.1007%2f978-3-642-17071-3_2&partnerID=40&md5=e88d136c34baf4a4af2df510267625fa","The paradigms of service-oriented computing and model-driven development are becoming of increasing importance in the field of software engineering. According to these paradigms, new systems are composed with added value from existing stand-alone services to support business processes across organizations. Services comprising a system but originating from various sources need to be coordinated. The Reo coordination language is a state-of-the-art tool supported approach to channel-based coordination. Reo introduces various types of channels which can be composed to build complex connectors to represent various behavioral protocols. This makes Reo suitable for the modeling of service-based business processes. In previous work we presented a framework for model checking data-aware Reo connectors using the mCRL2 toolset. In this paper, we extend this result with a proof of correctness, evaluation of optimization techniques, and support for context-sensitive analysis. © 2010 Springer-Verlag.","","Model checking; Added values; Business Process; Context dependent; Context-sensitive analysis; Coordination language; Model driven development; New system; Optimization techniques; Proof of correctness; Service Model; Service oriented computing; Service-based; Stand -alone; Toolsets; Formal methods","Conference paper","Final","","Scopus","2-s2.0-78650184300"
"Zargayouna M.; Balbo F.; Haddad S.","Zargayouna, Mahdi (13103602500); Balbo, Flavien (15768897000); Haddad, Serge (55831988100)","13103602500; 15768897000; 55831988100","Agents secure interaction in data driven languages","2009","CEUR Workshop Proceedings","494","","","269","276","7","0","","https://www.scopus.com/inward/record.uri?eid=2-s2.0-84885216447&partnerID=40&md5=9a90ec0e79b60276c22f62936d1cb2d1","This paper discusses the security issues in data driven coordination languages. These languages rely on a data space shared by the agents and used to coordinate their activities. We extend these languages with a main distinguishing feature, which is the possibility to define fine-grained security conditions, associated with every datum in the shared space. Two main ideas makes it possible: the consideration of an abstraction of agents' states in the form of data at language level and the introduction of a richer interaction mechanism than state-of-the-art templates. This novel security mechanism allows both agents and system designers to prohibit undesirable interactions.","","Coordination language; Fine-grained securities; Interaction mechanisms; Language levels; Secure interactions; Security issues; Security mechanism; System designers","Conference paper","Final","","Scopus","2-s2.0-84885216447"
"Burgueño L.; Wimmer M.; Vallecillo A.","Burgueño, Loli (55323008900); Wimmer, Manuel (14030698000); Vallecillo, Antonio (57212671717)","55323008900; 14030698000; 57212671717","A Linda-based platform for the parallel execution of out-place model transformations","2016","Information and Software Technology","79","","","17","35","18","14","10.1016/j.infsof.2016.06.001","https://www.scopus.com/inward/record.uri?eid=2-s2.0-84977275159&doi=10.1016%2fj.infsof.2016.06.001&partnerID=40&md5=ce0f7ba2ef998a7352742e8915dc4610","Context The performance and scalability of model transformations is gaining interest as industry is progressively adopting model-driven techniques and multicore computers are becoming commonplace. However, existing model transformation engines are mostly based on sequential and in-memory execution strategies, and thus their capabilities to transform large models in parallel and distributed environments are limited. Objective This paper presents a solution that provides concurrency and distribution to model transformations. Method Inspired by the concepts and principles of the Linda coordination language, and the use of data parallelism to achieve parallelization, a novel Java-based execution platform is introduced. It offers a set of core features for the parallel execution of out-place transformations that can be used as a target for high-level transformation language compilers. Results Significant gains in performance and scalability of this platform are reported with regard to existing model transformation solutions. These results are demonstrated by running a model transformation test suite, and by its comparison against several state-of-the-art model transformation engines. Conclusion Our Linda-based approach to the concurrent execution of model transformations can serve as a platform for their scalable and efficient implementation in parallel and distributed environments. © 2016 Elsevier B.V.","Model transformation; Parallelization; Performance; Scalability","Computational linguistics; Embedded systems; Engines; Java programming language; Scalability; Distributed environments; Efficient implementation; High-level transformations; Model transformation; Model-driven techniques; Parallelizations; Performance; Performance and scalabilities; High level languages","Article","Final","All Open Access; Green Open Access","Scopus","2-s2.0-84977275159"
"Everaars K.; Koren B.","Everaars, Kees (6603232436); Koren, Barry (6701880697)","6603232436; 6701880697","Using coordination to parallelize sparse-grid methods for 3-D CFD problems","1998","Parallel Computing","24","7","","1081","1106","25","18","10.1016/S0167-8191(98)00043-X","https://www.scopus.com/inward/record.uri?eid=2-s2.0-0032121298&doi=10.1016%2fS0167-8191%2898%2900043-X&partnerID=40&md5=89f3434bfd623f30810f51e1fb0f14e9","In this paper, we investigate the good parallel computing properties of sparse-grid solution techniques. To this end, an existing sequential computational fluid dynamics (CFD) code for a standard 3-D problem from computational aerodynamics is restructured into a parallel application. The restructuring is organized according to a master/worker protocol. The coordinator modules developed thereby are implemented in the coordination language MANIFOLD and are applicable to other problems than the present CFD problem only. Performance results are given for both the sequential and the parallel versions of the code. The results are promising. The paper contributes to the state-of-the-art in improving the efficiency of large-scale computations. We also present a theoretical analysis of speed-up through parallelization in a multi-user single-machine environment. © 1998 Elsevier Science B.V. All rights reserved.","Computational fluid dynamics; Coordination languages; Models of communication; Multigrid methods; Parallel computing; Sparse-grid methods; Three-dimensional flow problems","Codes (symbols); Computational fluid dynamics; Computer programming languages; Network protocols; Problem solving; Three dimensional; Coordination languages; Three-dimensional flow problems; Parallel processing systems","Article","Final","All Open Access; Green Open Access","Scopus","2-s2.0-0032121298"
"Zargayouna M.; Balbo F.","Zargayouna, Mahdi (13103602500); Balbo, Flavien (15768897000)","13103602500; 15768897000","Secure multiagent coordination language; [Langage de coordination multi-agent sécurisé]","2013","Revue d'Intelligence Artificielle","27","3","","271","298","27","1","10.3166/RIA.27.271-298","https://www.scopus.com/inward/record.uri?eid=2-s2.0-84893729275&doi=10.3166%2fRIA.27.271-298&partnerID=40&md5=cbd5fa1cbd6305bf4c29037a3de15a0e","This paper discusses the security issues of multiagent systems in data driven coordination languages. These languages rely on a data space shared by the agents and used to coordinate their activities. We extend these languages with a main distinguishing feature, which is the possibility to define fine-grained state-based security conditions, associated with every datum in the shared space. Two main ideas makes it possible: the consideration at language level of an abstraction of agents' states in the form of data and the introduction of a richer interaction mechanism than state-of-the-art templates. This novel security mechanism allows both agents and designers to prohibit undesirable interactions. © 2013 Lavoisier.","Coordination languages; Interaction; Multiagent systems; Security","Artificial intelligence; Software engineering; Coordination language; Interaction; Interaction mechanisms; Language levels; Multi-agent coordinations; Security; Security issues; Security mechanism; Multi agent systems","Article","Final","All Open Access; Green Open Access","Scopus","2-s2.0-84893729275"
"Zoeteweij P.","Zoeteweij, Peter (22636527800)","22636527800","A coordination-based framework for distributed constraint solving","2003","Lecture Notes in Computer Science (including subseries Lecture Notes in Artificial Intelligence and Lecture Notes in Bioinformatics)","2627","","","171","184","13","6","10.1007/3-540-36607-5_13","https://www.scopus.com/inward/record.uri?eid=2-s2.0-7044274040&doi=10.1007%2f3-540-36607-5_13&partnerID=40&md5=36955e0b2891b7da8113e040ce39e31e","This paper gives an overview of DICE (Distributed Constraint Environment), a framework for the construction of distributed constraint solvers from software components in four categories: (1) variable domain types, (2) (incomplete) solvers, (3) splitting strategies, to build search trees, and (4) search strategies, to traverse these search trees. DICE is implemented using the Manifold coordination language, and coordinates the components of a distributed solver. In addition to the coordination protocols and the algorithms that they implement, the paper describes the construction of solvers both from a constraint programming and a software engineering point of view. © Springer-Verlag Berlin Heidelberg 2003.","","Codes (symbols); Computer circuits; Computer programming languages; Constraint theory; Forestry; Software engineering; Algorithms; Computer programming; Computer software; Problem solving; Search engines; Software engineering; Constraint programming; Coordination language; Coordination protocols; Distributed constraint solving; Distributed constraints; Search strategies; Software component; Splitting strategies; Constraint programming; Coordination protocol; Search trees; Software components; Logic programming; Constraint theory","Conference paper","Final","","Scopus","2-s2.0-7044274040"
"Darquennes D.; Jacquet J.-M.; Linden I.","Darquennes, Denis (55761407300); Jacquet, Jean-Marie (7102053396); Linden, Isabelle (8406494500)","55761407300; 7102053396; 8406494500","On multiplicities in tuple-based coordination languages: The bach family of languages and its expressiveness study","2018","Lecture Notes in Computer Science (including subseries Lecture Notes in Artificial Intelligence and Lecture Notes in Bioinformatics)","10852 LNCS","","","81","109","28","5","10.1007/978-3-319-92408-3_4","https://www.scopus.com/inward/record.uri?eid=2-s2.0-85048896529&doi=10.1007%2f978-3-319-92408-3_4&partnerID=40&md5=1204ea7618d23a218d4022de59198f2d","Building upon previous work by the authors, this paper reviews and proposes extensions of Linda-like languages aiming at coordinating data-intensive distributed systems. The languages manipulate tokens associated in different ways with a notion of multiplicity. Thanks to De Boer and Palamidessi’s notion of modular embedding, we establish expressiveness hierarchies. We also discuss implementation issues and argue that the more expressive the language is the more expensive is its implementation. © IFIP International Federation for Information Processing 2018.","","","Conference paper","Final","","Scopus","2-s2.0-85048896529"
"Van Den Brand M.G.J.; Klint P.; Verhoef C.","Van Den Brand, M.G.J. (57192113699); Klint, P. (7003784627); Verhoef, C. (7003616375)","57192113699; 7003784627; 7003616375","Term rewriting for sale","1998","Electronic Notes in Theoretical Computer Science","15","","","218","241","23","12","10.1016/S1571-0661(05)80014-3","https://www.scopus.com/inward/record.uri?eid=2-s2.0-84874248378&doi=10.1016%2fS1571-0661%2805%2980014-3&partnerID=40&md5=666458fd59bd0b48fa19a5299bca3d56","Term rewriting has a large potential for industrial applications, but these applications are always larger than one could ever dream of: huge sets of rewrite rules and gigantic terms to rewrite pose interesting challenges for implementors and theoreticians alike. We give a brief overview of the generation of term-rewriting-based tools as done in the Asf+Sdf Meta-Environment and then we sketch two major applications of term rewriting: transformation of legacy COBOL systems and compilation of Asf+Sdf to C. Based on these experiences we suggest the study of topics that could further advance the use of term rewriting in industrial applications: persistent term databases, generalized LR parsing versus parallel term rewriting, and coordination languages versus strategy languages. It will turn out that we have an ""alien"" view on research in term rewriting: properties like confluence and termination are of very limited use when selling term rewriting to industry. © 1998 Published by Elsevier Science B. V.","","Legacy systems; Coordination language; Generalized LR parsing; Meta-environment; Rewrite rules; Strategy languages; Term rewriting; Industrial applications","Conference paper","Final","All Open Access; Gold Open Access","Scopus","2-s2.0-84874248378"
